#,Subreddit,Submission,Comment,Timestamp(PT),Comment Score,Number of Comments in Submission,Perpective Score
#,Subreddit,Submission,Comment,Timestamp(PT),Comment Score,Number of Comments in Submission,Perpective Score
1,﻿politics,/r/politics/comments/84af5e/stephen_hawking_modern_cosmologys_brightest_star/,"
As a reminder, this subreddit [is for civil discussion.](/r/politics/wiki/index#wiki_be_civil)

In general, be courteous to others. Attack ideas, not users. Personal insults, shill or troll accusations, hate speech, and other incivility violations can result in a permanent ban. 

If you see comments in violation of our rules, please report them.

***


*I am a bot, and this action was performed automatically. Please [contact the moderators of this subreddit](/message/compose/?to=/r/politics) if you have any questions or concerns.*",2018-03-13 20:49:21,1,2,0.3889421
2,﻿politics,/r/politics/comments/84af5e/stephen_hawking_modern_cosmologys_brightest_star/,That feels so young.,2018-03-13 20:50:25,1,2,0.022056662
3,﻿politics,/r/politics/comments/84aes7/air_force_issues_gag_order_on_press_engagements/,"
As a reminder, this subreddit [is for civil discussion.](/r/politics/wiki/index#wiki_be_civil)

In general, be courteous to others. Attack ideas, not users. Personal insults, shill or troll accusations, hate speech, and other incivility violations can result in a permanent ban. 

If you see comments in violation of our rules, please report them.

***


*I am a bot, and this action was performed automatically. Please [contact the moderators of this subreddit](/message/compose/?to=/r/politics) if you have any questions or concerns.*",2018-03-13 20:47:34,1,1,0.3889421
4,﻿politics,/r/politics/comments/84aehl/tooclose_race_in_pennsylvania_signals_ominous/,"
As a reminder, this subreddit [is for civil discussion.](/r/politics/wiki/index#wiki_be_civil)

In general, be courteous to others. Attack ideas, not users. Personal insults, shill or troll accusations, hate speech, and other incivility violations can result in a permanent ban. 

If you see comments in violation of our rules, please report them.

***


*I am a bot, and this action was performed automatically. Please [contact the moderators of this subreddit](/message/compose/?to=/r/politics) if you have any questions or concerns.*",2018-03-13 20:46:15,1,1,0.3889421
5,﻿politics,/r/politics/comments/84aeg5/pennsylvania_vote_shows_that_trumpism_has_its/,"
As a reminder, this subreddit [is for civil discussion.](/r/politics/wiki/index#wiki_be_civil)

In general, be courteous to others. Attack ideas, not users. Personal insults, shill or troll accusations, hate speech, and other incivility violations can result in a permanent ban. 

If you see comments in violation of our rules, please report them.

***


*I am a bot, and this action was performed automatically. Please [contact the moderators of this subreddit](/message/compose/?to=/r/politics) if you have any questions or concerns.*",2018-03-13 20:46:04,1,2,0.3889421
6,﻿politics,/r/politics/comments/84aeg5/pennsylvania_vote_shows_that_trumpism_has_its/,"Don’t worry guys, after this trump will be 957-0./s
",2018-03-13 20:47:08,1,2,0.14518519
7,﻿politics,/r/politics/comments/84ae93/us_healthcare_spending_twice_as_high_other/,"
As a reminder, this subreddit [is for civil discussion.](/r/politics/wiki/index#wiki_be_civil)

In general, be courteous to others. Attack ideas, not users. Personal insults, shill or troll accusations, hate speech, and other incivility violations can result in a permanent ban. 

If you see comments in violation of our rules, please report them.

***


*I am a bot, and this action was performed automatically. Please [contact the moderators of this subreddit](/message/compose/?to=/r/politics) if you have any questions or concerns.*",2018-03-13 20:45:07,1,1,0.3889421
8,﻿politics,/r/politics/comments/84adpf/new_bombshell_trump_aide_roger_stone_sought/,"
As a reminder, this subreddit [is for civil discussion.](/r/politics/wiki/index#wiki_be_civil)

In general, be courteous to others. Attack ideas, not users. Personal insults, shill or troll accusations, hate speech, and other incivility violations can result in a permanent ban. 

If you see comments in violation of our rules, please report them.

***


*I am a bot, and this action was performed automatically. Please [contact the moderators of this subreddit](/message/compose/?to=/r/politics) if you have any questions or concerns.*",2018-03-13 20:42:24,1,10,0.3889421
9,﻿politics,/r/politics/comments/84adpf/new_bombshell_trump_aide_roger_stone_sought/,">Breaking news: A third source says Roger Stone was trying to contact Julian Assange during Trump's 2016 campaign. Stone documentary filmmaker, Morgan Pehme, makes this revelation live on “The Beat.” [4:50]",2018-03-13 20:43:49,1,10,0.007382943
10,﻿politics,/r/politics/comments/84adpf/new_bombshell_trump_aide_roger_stone_sought/,"Morgan Pehma, director of ""Get Me Roger Stone"", reveals Stone was attempting to contact Assange/Wikileaks during the 2016 campaign.  Said to be the third confirmation of these attempted communications.

Lordy, there may be tapes.",2018-03-13 20:47:00,1,10,0.014593387
11,﻿politics,/r/politics/comments/84adpf/new_bombshell_trump_aide_roger_stone_sought/,Are there any dictators these guys didn't try to collude with?,2018-03-13 20:44:39,1,10,0.3490639
12,﻿politics,/r/politics/comments/84adpf/new_bombshell_trump_aide_roger_stone_sought/,"I'm quite sure i've read this a number of times over the last 12 or so hours. MSNBC is late to the party.

Edit: Sorry MSNBC, you arrived on time.",2018-03-13 20:44:22,1,10,0.046001166
13,﻿politics,/r/politics/comments/84adpf/new_bombshell_trump_aide_roger_stone_sought/,"So what, I think a lot of people want to talk to assange. Especially our government.

So far there has been no concrete proof that Wikileaks is in involvement with Russia.  It’s a bit of a “Red” Herring.

I do believe Roger Stone was involved with Russia with his dodering dealings with Guccifer 2.0 (a completely different hacker)",2018-03-13 20:49:04,1,10,0.14086893
14,﻿politics,/r/politics/comments/84adpf/new_bombshell_trump_aide_roger_stone_sought/,Who do you think Assange is?,2018-03-13 20:48:47,1,10,0.07680665
15,﻿politics,/r/politics/comments/84adpf/new_bombshell_trump_aide_roger_stone_sought/,"MSNBC is on it, OP is late",2018-03-13 20:45:20,1,10,0.12450113
16,﻿politics,/r/politics/comments/84adpf/new_bombshell_trump_aide_roger_stone_sought/,"This dude, Pehma, is in addition to the news of two other contacts/attempts recently reported.",2018-03-13 20:49:24,1,10,0.0694795
17,﻿politics,/r/politics/comments/84adpf/new_bombshell_trump_aide_roger_stone_sought/,My bad.,2018-03-13 20:46:22,1,10,0.22702263
